{"cameraMode":{"drawMode":0,"name":"Shaded","section":"Shading Mode"},"sceneLighting":true,"audioPlay":false,"sceneViewState":{"showFog":true,"showMaterialUpdate":true,"showSkybox":true,"showFlares":true,"showImageEffects":true,"showParticleSystems":true},"in2DMode":false,"pivot":{"x":730.8997802734375,"y":434.5395812988281,"z":-0.8822021484375},"rotation":{"x":0.0029998302925378086,"y":-0.010499762371182442,"z":0.00003149938129354268,"w":0.9999402761459351},"size":481.82305908203127,"orthographic":false}