{"cameraMode":{"drawMode":0,"name":"Shaded","section":"Shading Mode"},"sceneLighting":true,"audioPlay":false,"sceneViewState":{"m_AlwaysRefresh":true,"showFog":true,"showSkybox":true,"showFlares":true,"showImageEffects":true,"showParticleSystems":true,"showVisualEffectGraphs":true,"m_FxEnabled":true},"in2DMode":false,"pivot":{"x":12.456727027893067,"y":7.878417015075684,"z":97.68324279785156},"rotation":{"x":0.011981459334492684,"y":-0.05337801203131676,"z":-0.0006334956851787865,"w":-0.9984946846961975},"size":58.437400817871097,"orthographic":false}