{"cameraMode":{"drawMode":0,"name":"Shaded","section":"Shading Mode"},"sceneLighting":true,"audioPlay":false,"sceneViewState":{"m_AlwaysRefresh":true,"showFog":true,"showSkybox":true,"showFlares":true,"showImageEffects":true,"showParticleSystems":true,"showVisualEffectGraphs":true,"m_FxEnabled":true},"in2DMode":false,"pivot":{"x":56.776763916015628,"y":-13.564576148986817,"z":82.32023620605469},"rotation":{"x":-0.07595200836658478,"y":-0.2911609411239624,"z":0.023202771320939065,"w":-0.9533637762069702},"size":49.67490005493164,"orthographic":false}