{"cameraMode":{"drawMode":0,"name":"Shaded","section":"Shading Mode"},"sceneLighting":true,"audioPlay":false,"sceneViewState":{"m_AlwaysRefresh":true,"showFog":true,"showSkybox":true,"showFlares":true,"showImageEffects":true,"showParticleSystems":true,"showVisualEffectGraphs":true,"m_FxEnabled":true},"in2DMode":false,"pivot":{"x":55.879974365234378,"y":-9.956099510192871,"z":83.62346649169922},"rotation":{"x":-0.07595200836658478,"y":-0.2911609411239624,"z":0.023202771320939065,"w":-0.9533637762069702},"size":49.977901458740237,"orthographic":false}